{
	"class_name" : "PinholeCameraParameters",
	"extrinsic" : 
	[
		0.99963689930444399,
		-0.010758763516174918,
		-0.024704626218583513,
		0.0,
		0.0085084616298645513,
		-0.74389277398098586,
		0.66824482556886822,
		0.0,
		-0.025567080977108487,
		-0.6682123837721633,
		-0.74353112547077227,
		0.0,
		0.063053962571813171,
		0.87495330502497737,
		49.282146497302506,
		1.0
	],
	"intrinsic" : 
	{
		"height" : 1080,
		"intrinsic_matrix" : 
		[
			935.30743608719376,
			0.0,
			0.0,
			0.0,
			935.30743608719376,
			0.0,
			959.5,
			539.5,
			1.0
		],
		"width" : 1920
	},
	"version_major" : 1,
	"version_minor" : 0
}